source,english_sentence,hindi_sentence
tides,He declares the result and reports it to the Election Commission and to the Secretary-General of the concerned House .,वही परिणाम की घोषणा करता है और निर्वाचन आयोग को और संबद्ध सदन के महासचिव को उसकी सूचना देता है .
ted,was a little uncomfortable for them.,थोडा कठिन था।
indic2012,But Mulla Assamudin was proved to be not eligible.,मगर मुल्ला असमुद्दीन अक्षम सिद्ध हुए।
ted,I would never have to make a book and then present it to a gallery,मुझे कभी भी किताब बना कर किसी प्रदर्शन-स्थल को देने की ज़रुरत नहीं पड़ी
indic2012,headind kaun banega crorepati,शीर्षक कौन बनेगा करोड़पति (Kaun Banega Crorepati).
tides,No other national leader except Nehru shared that concern .,नेहरू को छोड़कर और किसी भी राष्ट्र नेता के मन में यह चिंता नहीं थे .
indic2012,Bachchan continued togive their support to the Samajvadi party which included political propaganda and promotions.,बच्चन ने समाजवादी पार्टी के लिए अपना समर्थन देना जारी रखा जिसमें राजनैतिक अभियान अर्थात प्रचार प्रसार करना शामिल था।
tides,"Innocent people were shot , arrested , jailed and tortured by the British rulers .","अंग्रेज शासकों ने निर्दोष लोगों की जान ली , उन्हें पकड़कर जेलों में बंद किया और यातनाएं दीं ."
tides,It means that fascism will make a triumphant attempt at world dominion in cooperation with the fascism of Japan .,इसका मतलब है कि फासिस्टवाद जापान के फासिस्टवाद के साथ मिलकर सारी दुनिया पर कामयाबी के साथ कब्जा करने की कोशिश करेगा .
ted,"Just as the poets and writers described,","जैसे कवियों और लेखकों ने वर्णन किया है,"
tides,The rich flora of Central America is under threat .,मध्य अमेरिकी बहुमूल्य वनस्पति खतरे में है .
tides,What if I need general information about applying for a work permit ?,अगर मुझे वर्क परमिट के आवेदन करने के बारे में आम सूचना चाहिए तो क्या करूँ ? .
ted,But kids could be entrepreneurs as well.,मगर हमारे बच्चे भी उद्यमी बन सकते हैं ।
tides,"It declined to 85 per cent in the early years of the Third Plan but improved to 90 per cent in the mid-sixties , only to decline in the following years to 70 per cent .","तीसरी योजना के शुरू के वर्षों में , यह घटकर 85 प्रतिशत रह गया.बाद के वर्षों में इसमें विकास हुआ और छठे दशक के मधऋद्दय 90 प्रतिशत हुआ लेकिन आगामी वार्षिक योजनाओं में 70 प्रितशत इसमें गिरावट आ गइ- ."
indic2012,Two or more components of a formal organization,दो या अधिक संघटको का औपचारिक संगठन
tides,But though the Union Government and some states have done a great deal for the expansion of education at all levels we are still far from realising the objective of eight years ' compulsory education for all .,"किंतु यद्यपि केंद्रीय सरकार तथा कुछ राजऋ-ऊण्श्छ्ष्-यो ने सभी सऋ-ऊण्श्छ्ष्-तरों पर शिक्षा के विसऋ-ऊण्श्छ्ष्-तार के क्षेत्र में बहुत कार्य किया है , तो भी हम अब भी आठ वर्ष की अनिवार्य शिक्षा के उद्देशऋ-ऊण्श्छ्ष्-य की पूर्ति करने में बहुत पीछे हैं ."
indic2012,Subashbabu went there and gave his condolences to Pandit Jawaharrlal Nehru.,सुभाषबाबू ने वहाँ जाकर पंडित जवाहरलाल नेहरू को सांत्वना दिया।
indic2012,Searcheses on research articles in Indian Universities based on Sanskrit.,भारतीय विश्वविद्यालयों में संस्कृत पर आधारित शोध प्रबन्धों की निर्देशिका (राष्ट्रीय संस्कृत संस्थान)
tides,"Petroleum resources were confined mainly to Burma and most of , the output was supplied to the mainland .",पेट्रोलियम संसाधन मुख़्य रूप से बर्मा तक ही सीमित थे और अधिकांश उत्पादन मुख़्य देश को ही दिया जाता था .
tides,Ornaments would mar our union ; they would come between Thee and me ; their jingling would drown our whispers . ”,"ये आवरण हमारे मिलन में बाधक हैं- ये उनके और मेरे संयोग में बाधक हैं , उनकी झंकार में हमारी फुसफुसाहट डूब जाएगी . ?"
ted,is transmitted generation from generation,पीढी दर पीढी चलती आ रही है
ted,"Now, he tries E again, and that doesn't work.","अब वो फिर ई लगाते हैं, और वह काम नहीं करता."
tides,A Rs 100-crore road-widening project is on the anvil .,सड़ेक चौड़ी करने की 100 करोड़े रु.की परियोजना भी बन रही है .
tides,"The unfinished rock-cut temples at Vilappakkam -LRB- North Arcot district -RRB- and Aragandanallur -LRB- South Arcot district -RRB- would also , on stylistic grounds , belong to the Mahendra style .","विलप्पक़्कम ( उत्तरी अरकॉट जिला ) और अरंगदनल्लुर ( दक्षिण अरकॉट जिला ) स्थित चट्टान में काटे गए अपूर्व गुफा मंदिर भी , शैलीगत आधार पर महेंद्र शैली के हैं ."
indic2012,"Sure has also written supplicatory poems, in which, at places, his feeling of surrender to the God surpasses even Tulsidas.",5. सूर ने विनय के पद भी रचे हैं जिसमें उनकी दास्य-भावना कहीं-कहीं तुलसीदास से आगे बढ़ जाती है-
indic2012,effect on COPD,COPD पर प्रभाव
ted,"die a year from diarrhea,","हर साल दस्त के रोग से मरते हैं,"
ted,"The first is the fall of Granada,","पहली तो ग्रानादा का ध्वस्त होना,"
ted,doesn't allow them to learn.,से उन्हें सीखने का मौका नहीं मिलता है।
indic2012,"This son Humayun, has heard his name being being called as Jalaoudin Mohammad.",इस पुत्र का नाम हुमायुं ने एक बार स्वप्न में सुनाई दिये के अनुसार जलालुद्दीन मोहम्मद रखा।
indic2012,"During his days of struggle, he lived for seven long years in the home of actor, director and king of comedy, Mehmood.",अपने संघर्ष के दिनों में वे ७ (सात) वर्ष की लंबी अवधि तक अभिनेता निर्देशक एवं हास्य अभिनय के बादशाह महमूद साहब के घर में रूके रहे।
tides,"THE KERALA TEMPLE TYPES The Kerala temples form a class by themselves because of the material used in their construction that includes timber to a large extent , as was the case everywhere in south India before the advent of the stone vimanas .","केरल मंदिरों के प्रकार केरल के मंदिरों का अपने आप में एक अलग वर्ग ही है.कऋ-ऊण्श्छ्ष्-योंकि उनके निर्माण में एक सीमा तक इमारती लकडऋई समऋ-ऊण्श्छ्ष्-मिलित थी , जैसा कि पाषाण विमानों के आरंभ के पुर्व दक्षिण भारत में हर कहीं यही सऋ-ऊण्श्छ्ष्-थित है ."
indic2012,Advertising Bhaghat Singh as a negative figure(sunday),विज्ञापन में भगत सिंह की गलत तस्वीर (रविवार)
indic2012,the british troops charged those who took part in it,इन प्रदर्शनों मे भाग लेने वालों पर अंग्रेजी शासन ने लाठीचार्ज भी किया ।
indic2012,There are fifteen thousand verses in the “”Agnipuran“”.,अग्निपुराण में श्लोकों की संख्या पन्द्रह हजार हैं।
tides,His religious poetry of this period which culminated in the passionate sincerity and utter simplicity of Gitanjali and Gitimalya was wrung out of his heart 's blood .,इस काल में लिखित उनकी धार्मिक कविताएं जो ? गीतांजलि ? और ? गीतिमाल्य ? में प्रकाशित हुईं- आवेगपूर्ण समर्पण और बेहद सादगी से भरी थीं.इनमें जैसे उनके हृदय का रक्त ही निचुड़कर अपनी पराकाष्ठा पर पहुंच गया
indic2012,"It is difficult to predict anything on the basis of the quantity of water vapour, because blank spaces in the measurement of the water vapour are very less as compared to the clouds.",जलवायु के प्रतिमानों पर इन विवरणों को प्रदर्शित करना कठिन होता है क्योंकि जलवायु प्रतिमानों के संगणक खानों पर रिक्त स्थानों के बिंदुओं के बीच की तुलना में बादल बहुत छोटे होते हैं।
ted,In 50 years they've gone from a pre-Medieval situation,पचास सालों में वो पुरातन स्थितियों से आगे आ कर
indic2012,Indian meals are also very popular in foreign countries.,भारतीय व्यंजन विदेशों में भी बहुत पसन्द किए जाते है।
tides,Their food habits are simple and change from region to region .,इनका खानपान सादा तथा क्षेत्री आवश्यकता के अनुरूप होता है .
tides,"Moreover the concepts of the four stages of life , and those of karma and sansar have not only become important parts of the religious faith of the Hindus but have pervaded all Indian poetry and literature .","फिर भी जीवन की चार अवस्थाओं के सिद्धांत केवल हिंदुZओं के धार्मिक विश्वास में महत्वपूर्ण अंग ही नहीं बन गये हैं , बल्कि सभी भारतीय काव्य और साह्Lत्य में उनका समावेश हो गया है ."
indic2012,"The water is used even in the preparation of a sweet, Panchamrut.",पंचामृत में भी गंगाजल को एक अमृत माना गया है।
ted,and wait for the weekend.,और सप्ताहांत के लिए प्रतीक्षा करते है
indic2012,In this way entire Mahabharata was written in the interlude of 3 years.,इस प्रकार सम्पूर्ण महाभारत ३ वर्षों के अन्तराल में लिखी गयी।
tides,"The Akhan Chandi Palace , the Laxmi Narayan temple , the living rooms of old houses in Durga Mangnu , are all brilliant examples of this art .","अखन-चंडी महल , लक्ष्मीनारायण मंदिर दूर्गा मांगणू के निजी घरों की बैठकों से इस प्रकार की चित्रकला के अदभूत नमूने मिलते है ."
ted,"he got one and a half million dollars, and he went back and said,","उन्हें डेढ़ मिलियन डॉलर मिले , वो वापस गए और बोले ,"
tides,In a self-interview-she asks questions and answers them herself-she has given the true picture of the pre-dawn crackdown on K . Karunanidhi and other DMK leaders .,एक स्व-साक्षात्कार-वे खुद सवाल करके जवाब भी खुद ही देती हैं-में उन्होंने करुणानिधि और द्रमुक के दूसरै नेताओं पर आधी रात को बोले गए हमले की सही तस्वीर पेश की है .
ted,This doesn't mean,इसका मतलब यह नहीं
ted,"[Our parents, grandparents, our aunts, uncles ...]","[हमारे माता-पिता, अंकल-आंटी, दादा-दादी...]"
tides,It is expected that this perquisite will now be evaluated on a single basis .,संभावना है कि इस परिलइध का अब एकल आधार पर आकलन किया जाएगा .
tides,"This information is put together to create a botanical catalogue , or Flora , of Mesoamerica .",इस सूचना को एकत्रित करके एक वनस्पति सूची बनाई जाती है जिसे मेसोअमेरिका की फ्लोरा कहा जाता है .
tides,Much of the ground work for the project is done .,इसके लिए काफी कुछ जमीनी तैयारी कर ली गई है .
tides,” It was difficult .,बड़ी मुश्किल थी .
ted,a lot falls by the wayside.,बहुत से समाचार पीछे रह जाते हैं |
tides,"Even elementary civil rights , the freedoms of thought , speech and association were increasingly violated and restricted .","यहां तक कि अभिव्यक्ति और विचार की आधारभूत स्वतंत्रता और संगठन बनाने के अधिकार का तेजी से हनन किया जाने लगा , उसे सीमित किया जाने लगा ."
tides,Of the 15 samples tested at Mumbai 12 -LRB- 80 per cent -RRB- were adulterated ; the figure was 86 per cent for Delhi .,मुंबई में जो 15 नमूने जांचे गए उनमें से 12 यानी 80 प्रतिशत मिलवटी पाए गए.दिल्ली में मिलवट का यह आंकड़ 86 प्रतिशत निकल .
ted,"Profits made, prophets ignored.","स्थापित पयगंबर, उपेक्षित पयगंबर."
tides,It is in this group of cases that the court has exhibited its competence of being a social auditor .,इसी कोटि के मामलों में न्यायालय ने सामाजिक हित संपरीक्षक के रूप में अपनी क्षमता प्रदर्शित की है .
tides,The British ruling authorities never forgave what they deemed an unheard-of impertinence .,ब्रिटिश शासन अधिकारी इस बात को कभी माफ नहीं कर पाए क्योंकि उन्होंने ऐसी असंबद्धता के बारे में कभी सुना या सोचा तक नहीं था .
ted,"When I rescued them, one of the biggest challenges I had","जब मैंने उन्हें बचाया, एक सबसे बड़ी चुनौती जो मेरे सामने थी"
indic2012,Special Powers of the Rajya Sabha,राज्यसभा की विशेष शक्तियाँ
tides,"As a judge , his eyes would be saved of much strain , and this consideration probably made him take the decision to accept .",जज बनने पर उनकी दृष्टि पर अधिक बोझ पड़ता और इसी कारण से उन्होनें पद स्वीकार करने का निर्णय लिया .
tides,"The situation , however , had changed radically by the time the ' home government ' took over the direct administration of this country after 1857 .",सन् 1857 के बाद इस देश की सत्ता जब सीधे होम गवर्नमेंट के हाथ में आ गयी तब स्थिति में परिवर्तन आ गया था .
tides,Kathiroli recounts the many times their vessel was grounded as the depth of the sea suddenly decreased by more than 10 m .,कटिरोली याद करते हैं कि कऋ बार तो समुद्र की सतह अचानक 10 मी . तक नीचे खिसक जाने से पोत जमीन पर आ लगता था .
indic2012,Kabir with his way of teachings managed to gain a lot of muslims and Hindus as his followers.,कबीर ने अपने पंथ को इस ढंग से सुनियोजित किया जिससे मुस्लिम मत की ओर झुकी हुई जनता सहज ही इनकी अनुयायी हो गयी।
indic2012,(It can be used to type in Hindi in any text box while using the internet),(इनके प्रयोग से इन्टरनेट उपयोग करते समय किसी भी टेक्स्ट बक्से में हिन्दी लिख सकते हैं)
ted,"If you have a kid who's behind,","यदि कोई बच्चा है जो कमज़ोर है,"
ted,We're starting to see these happening all around the world.,हम देख रहे है कि सारे संसार में सुखद बदलाव आ रहे हैं।
tides,"Sorry , it 's a misplaced worry .",यह वाजिब चिंता नहीं है .
indic2012,Georgia,जार्जिया
indic2012,"This the demand of democracy where parliament is direct elected by people use special power,according to the democracy principle ministry is also responsible for parliament but this two cause is not minus the importance of senate.",यह जनतंत्र की मांग है कि जहाँ लोकसभा सीधे जनता द्वारा चुनी जाती है विशेष शक्तियॉ का उपभोग करती है लोकतंत्र के सिद्धांत के अनुरूप मंत्रिपरिषद भी लोकसभा के प्रति उत्तरदायी होने के लिये बाध्य करते है किंतु ये दो कारण किसी भी प्रकार से राज्यसभा का मह्त्व कम नही करते है
tides,"The crops introduced there soon attracted the attention of native American insects , which spread and became ' pests ' rapidly .",वहां जो फसलें प्रवेशित की गईं उन्होंने फौरन स्थानीय अमरीकी कीटों का ध्यान अपनी ओर आकर्षित किया .
ted,It makes our recognition of our equal humanity difficult.,यह हमारी इन्सानों में समानता की पहचान को कठिन बना देती है.
tides,"Similarly , shortage of transport vehicles , cases of kidnapping , dacoity , explosions , communal tensions have been held not to be appropriate matters for such motion .","इसी प्रकार परिवहन मोटर गाड़ियों की कमी , अपहरण के मामले , डकैती , विस्फोट , सांप्रदायिक तनाव भी ऐसे प्रस्ताव के लिए उचित विषय नहीं माने गए हैं ."
tides,Cardiovascular System Diseases of the heart account for over 50 per cent of deaths after the age of sixty-five .,हृदयवाहिका तंत्र पैंसठ वर्ष की आयु के बाद 50 प्रतिशत लोगों की मृत्यु हृदय रोगों के कारण होती
tides,COLIN POWELL Secretary of State Objective : Wants to be the nice guy in Washington-moderate and even sympathetic toward the political requirements of Pakistan .,"कॉलिन पॉवेल विदेश मंत्री लक्ष्यः ऐसा समज्ह्दार व्यैकंत दिखना चाहते हैं , जो उदार और पाकिस्तान की राजनैतिक जरूरतों के प्रति हमदर्द है ."
indic2012,Sikhandhara (mausoleum of Akbar),सिकंदरा (अकबर का मकबरा)
tides,"Interestingly , the latter took the form of working lesser days in a week , rather than lesser hours a day , and of sealing off an agreed percentage of looms .","विशेष रूचि की बात यह थी , कि इन समझौतों में एक दिन काम करने की सुविधा तथा करघों को एक निश्चित प्रतिशत से बंद करने की स्वीकृति दे दी ."
ted,or even a mafia hit -,या फिर माफिया की टक्कर भी -
tides,He campaigned against un-touchability .,उन्होंने असऋ-ऊण्श्छ्ष्-पृशऋ-ऊण्श्छ्ष्-यर्तानिवारण का अभियान छेडऋआ .
tides,Other countries were experimenting with jute cultivation ^ and development of substitutes .,अनऋ-ऊण्श्छ्ष्-य देशों में भी जूट की खेती और उसके विकलऋ-ऊण्श्छ्ष्-पों के विकास के प्रयोग चल रहे थे .
indic2012,Thus his team decided to target such policies.,एसी नीतियों के पारित होने को निशाना बनाना उनके दल का निर्णय था ।
ted,and then I started progressing to other things.,और फिर मैंने प्रगति करना शुरू कर दिया।
tides,"Though they cannot act as a substitute for the law courts , yet , if thoughtfully constituted and run , they can become a welcome additional arm for the existing judicial system .","ये न्यायालयों के स्थानापन्न के रूप में कार्य नहीं कर सकतीं , परंतु यदि इनका गठन और संचालन ध्यान से किया जाए तो ये वर्तमान न्यायतंत्र की एक स्वागत-योग़्य अतिरिक़्त अंग सिद्ध हो सकती हैं ."
indic2012,Grade:United state of america,श्रेणी:संयुक्त राज्य अमेरिका
ted,"And I reflected, as I was watching her sell the dresses,","और मैं सोच रही थी, जैसे मैं जेन को कपडे"
ted,any more than you know what I'm seeing,जैसे आप को नहीं पता मैं क्या देख रहा हूँ
tides,"While natural insulin has proved to be both more economical and more effective , research by Dr Arthur Teuscher of Switzerland 's Berne University has shown that it is easier to detect signs of hypoglycemia -LRB- sharp fall in blood sugar levels -RRB- when taking natural insulin than in the case of synthetic insulin .",एक ओर जहां प्राकृतिक इंसुलिन ज्यादा सस्ता और प्रभावी साबित हा है वहीं स्विट्जरलौंड़ के बर्न यूनिवर्सिटी के ड़ॉ.आर्थर ट्युशर के अनुसंधान से पता चल है कि संश्लेषित के बजाए प्राकृतिक इंसुलिन लेने से हाइपोग्लीसीमिया ( रक्त शर्करा की मात्रा में तेजी से गिरावट ) का पता लगाना आसान होता है .
tides,"While some are undoubtedly Pallava , painted over the plaster ground laid over the coarse sandstone surface , which expedient was found necessary -LRB- as at Ajanta -RRB- to smoothen and protect the stone surface even at the outset , there are undeniable evidences of the renewal of the plaster and the paintings over them in subsequent periods .","जबकि कुछ चित्र निस्संदेह रूप से पल्लव हैं , जो बालुकाश्म की खुरदरी सतह पर किए गए पलस्तर पर चित्रित किए गए थे और जो उस आरंभिक काल में भी पथरीली सतह को चिकना बनाने और सुरक्षा के लिए उचित और आवश्यक ( जैसा कि अंजता में ) पाया गया था , फिर भी अनुवर्ती काल में पलस्तर और चित्रों के नवीनकरण के निस्संदिग़्ध साक्ष्य विद्यमान हैं ."
tides,"Second , they possess alleles in both sexes instead of only in the female .","दूसरा फर्क है , युग़्मविकल्पी जीन दोनों लिंग के व्यक़्तियों में होते हैं , केवल स्त्री में नहीं होते ."
ted,Okay. Great.,ठीक है।
indic2012,His elder brother Ajit Tendulkar encouraged him to play.,उनके बड़े भाई अजीत तेंडुलकर ने उन्हें खेलने के लिये प्रोत्साहित किया था।
ted,"And then when I did my book, Thinking In Pictures,",और फ़िर जब मैने अपनी किताब “थिंकिंग इन पिक्चर्स” लिखी
indic2012,It is capable of producing light within and outside the house for 3 to 4 hours per day.,यह घर के अन्दर व घर के बाहर प्रतिदिन ३ से ४ घंटे तक प्रकाश दे सकने में सक्षम है।
tides,"2.5 The police investigation was efficient and effective in tracing and arresting suspects , and gathering evidence ; but it failed to pursue the question whether the crime was racially aggravated .","2.5संदिग्ध व्यक्तियों का पता लगाने और उन्हें गिरफ़्तार करने , तथा सबूत जुटाने में पुलिस की जाँच कुशल और प्रभावी थी , लेकिन यह इस सवाल का जवाब पाने में असफल रही कि अपराध नस्लभेद से प्रेरित था |भाष्;"
ted,its own customized version of mythology.,अपनी समझ के अनुरूप पौराणिक गाथाओं के रूप में ।
ted,And if we have another eight billion,और अगर हमारे पास आठ अरब अतिरिक्त
indic2012,"This metropolis is formed be combination of Mumbai city, Mumbai suburban districts, Navi Mumbai (New Mumbai) and Thane.",यह महानगर मुंबई शहर मुंबई उपनगर जिलों एवं नवी मुंबई तथा ठाणे शहरों को मिलाकर बनता है।
tides,"At his palatial bungalow in Rakhra village near Patiala , Darshan Singh Dhaliwal basks in the glory he has earned in the US .",रमेश विनायक पटियाल के निकट राखड़ गांव में दर्शन सिंह धालीवाल की भव्य को ई अमेरिका में कमाई समृद्धि से सराबोर है .
ted,That's why a very common feeling when you're in a museum -,इसीलिये जब भी हम सन्ग्रहालय मे होते है तो हमे ऐसा लगता है -
tides,"It is The tree of I ' rtiyaga peculiar to this kind of tree that its branches send forth two species of twigs , some directed upward , as is the case with all other trees , and others directed downward like roots , but without leaves .","इस वृक्ष की यह विशेषता है कि इसकी शाखाओं से दो प्रकार की टहनियां निकलती हैं , कुछ ऊपर की ओर उठी रहती हैं-जो अन्य वृक्षों में होता है-और कुछ नीचे की ओर जड़ों की तरफ चली जाती हैं लेकिन उनमें पते नहीं होते ."
indic2012,"according to pakistan government,at this time only the foundation stone of pakistan was layed.",पाकिस्तानी सरकार के अनुसार इसी समय पाकिस्तान की नींव डाली गई थी ।
indic2012,"Many translations of Mahabharata are found in South Asia- Different versions of Mahabharata are found in Indonesia, Sri Lanka, Java island, Jakarta, Thailand, Tibet, Burma (Myanmar).",महाभारत के दक्षिण एशिया मे कई रूपान्तर मिलते हैं इण्डोनेशिया श्रीलंका जावा द्वीप जकार्ता थाइलैंड तिब्बत बर्मा (म्यान्मार) में महाभारत के भिन्न-भिन्न रूपान्तर मिलते हैं।
ted,that are found within the Indus Valley.,जो सिंधु घाटी में पाए गऐ हैं।
tides,"Further , the sacrifices differ in duration , so that only he could perform certain of them who lives a very long life ; and such long lives do no longer occur in this our age .",इन यज्ञों की अवधि भी भिन्न-भिन्न होती है जिससे केवल वही कुछ यज्ञों को कर सकता है जो दीर्घायु होता है और ऐसी लंबी आयु हमारे इस युग में होती नहीं है .
indic2012,Spirituality ramayana is known as first ramayana in the world,अध्यात्म रामायण को ही विश्व का सर्वप्रथम रामायण माना जाता है।
indic2012,Collections of Bachan best poems,बच्चन के श्रेष्ठ कविताओं का संकलन
tides,"This part called malasthana and padma bandha marks the top end of the shaft and the beginning of the capital which consists of moulded parts , a pitcher , lasuna or kalasa , placed over the padma bandha , a saucer-shaped part called tadi , a flattened , bulbous or cushion-shaped member over it called the kumbha carrying an inverted platter-shaped part , and a doucine moulding , called the pali -LRB- or padma when it is shaped to simulate an inverted lotus blossom with petals -RRB- which really forms the underside of a plank-like abacusthe phalaka .","यह भाग ' मारमास्थान ' कहलाता है और स्तंभ का शिरोभाग ' पद्मबंध ' और शीर्षाभ के आरंभ का संकेत करता है , जिसमें ढले हुए भाग होते हैं , यथा पद्मबंध के ऊपर एक घट , लसुन या कलश , एक तश्तरी के आकार का भाग जिसे ताड़ी कहा जाता है , उसके ऊपर चपटे कंद के आकार का एक कुभं होता है जिस पर ' उल्टी कठौती ' का आकार बना होता है और एक पाली ( या पद्म जब उसका आकार पंखुरियों सहित विलोम कमल के प्रस्फूटन के समान हो ) जो वास्तव में एक तख़्ते के समान शीर्ष-फलक का भीतरी भाग बनता है ."
indic2012,She had close friendship with Subhadra Kumari Chowhan in the college.,कालेज में सुभद्रा कुमारी चौहान के साथ उनकी घनिष्ठ मित्रता हो गई।
ted,a nice round shape.,एक सुंदर गोल सा आकार.
indic2012,At the time of Shah Alum second whole royal palace was used to gate decorated with lamps and both Hindus-Muslims were used to participate in programs organized in Red fort.,शाह आलम द्वितीय के समय में समूचे शाही महल को दीपों से सजाया जाता था एवं लालकिले में आयोजित कार्यक्रमों में हिन्दू-मुसलमान दोनों भाग लेते थे।
tides,"If it is intended to establish a poultry farm for the production of table eggs , it should be stocked with chickens possessing high laying qualities .",यदि खाने के काम आने वाले अण्डों के उत्पादन के लिए मुर्गीपालन केन्द्र खोले जाने का विचार हो तो इसमें चूजे रखे जाने चाहिएं जिनमें अधिक अण्डे देने का गुण हो .
tides,RAMALINGA ' S YEARS IN MADRAS WERE MARKED BY GREAT literary activity .,मद्रास में रामलिंग का जीवन साहित्यिक गतिविधियों का रहा .
indic2012,Here the delta is more famous for rice cultivation.,यह डेल्टा चावल की कृषि के लिए अधिक विख्यात है।
tides,The Income-Tax Department comes under the Finance Ministry which is supposed to be leading the movement for economic reform ; so why is it unable to prevent its officials from behaving with the arrogance they displayed when the state was in control of the “ commanding heights ” ?,"आयकर विभाग वित्त मंत्रालय के मातहत है , जिसके बारे में माना जाता है कि वह आर्थिक सुधार आंदोलन का अगुआ है.ऐसे में वह अपने अधिकारियों की हेकड़ीबाजी रोकने में असमर्थ क्यों है ?"
indic2012,United States of America is a federal republic situated on the north American continent.,संयुक्त राज्य अमेरिका उत्तर अमेरिकी महाद्वीप पर स्थित एक संघीय गणतंत्र है।
ted,And you're terrified about the humiliation,और आप अपमान के बारे में डर रहे हैं
ted,and then every patient gets their teleconsultation with a doctor.,इस तरह हर रोगी को नेत्र-विशेषज्ञ से सीधे जोडा जा सका।
indic2012,"'Maya' is the maid of God, but lord of the Humans",माया ईश्वर की दासी है परन्तु हम जीवों की स्वामिनी है।
indic2012,Division of Mahabharata in 18 parts and 100 subparts.,महाभारत का १८ पर्वो और १०० उपपर्वो में विभाग
indic2012,Although royal historians put it in this way that Akbar was against sati practice and gave shelter to those helpless women.,हालांकि इस प्रकरण को दरबारी इतिहासकारों ने कुछ इस ढंग से कहा है कि इस प्रकार बादशाह सलामत ने सती प्रथा का विरोध किया व उन अबला स्त्रियों को संरक्षण दिया।
tides,"And even if there is no eclipse at such a time , it is considered quite as propitious as the time of an eclipse itself .",और यदि ऐसे समय में ग्रहण न भी हो तो भी उसे बहुत शुभ माना जाता है .
ted,"She believes, “Yes, this is it, this is what my destiny is about.”","वो मानती है “हाँ, अब यही है, यही मेरा भाग्य है.”"
tides,She blushed with shame .,भिखारिन शर्म से गड़ जातीहै .
indic2012,Series:- Honured by Nobel Price,श्रेणी:नोबेल पुरस्कार सम्मानित
tides,Acid rain is thus created by industrial activities that pollute the air .,इस तरह यह साबित हो जाता है कि अम्लीय वर्षा उन औद्योगिक गतिविधियों से होती है जो वायु को प्रदूषित करती हैं .
indic2012,Article 262 give authority to Parliament that to pass laws like State Water Dispute Act or to make an authorized body of Water Board for resolving arguments between two states of the country.,अनु 262 संसद को अधिकार देता है कि वह अंतराज्य जल विवाद को सुलझाने हेतु विधि का निर्माण करे संसद ने अंतराज्य जल विवाद तथा बोर्ड एक्ट पारित किये थे
indic2012,"Subhash Chandra bose, who was the most determined and resoureceful Indian enemy, marched.",सुभाषचंद्र बोस जो उनके सबसे अधिक दृढ़ संकल्प और संसाधन वाले भारतीय शत्रु थे ने कूच कर दिया था।
ted,Why can I not remove this confine,क्यों न मैं इस कैद को हटा दूँ
tides,"For early detection of the actual disease , angiography is considered the “ golden standard . ”",वास्तविक बीमारी का समय रहते ही पता लगाने के लिए एंजियोग्राफी को ' स्वर्ण मानक ' माना जाता है .
tides,The very idea of nationhood had completely disappeared .,राष्ट्रीयता का विचार ही पूरी तरह गायब हो गया था .
tides,There is often a small cistern or pit cut into the floor of the sanctum below the projected channel- spout on the top of the linga-pitha or image pedestal to receive and collect the abhisheka water .,"गर्भगृह के फर्श में , लिंग पीठ के ऊपर की प्रक्षिप्त नाली के मुंह के नीचे प्राय : एक कुंड है जिसमें अभिषेक का जल बहकर आता और इकट्ठा होता है ."
tides,Her renunciation of him releases Sachish not only from her spell but from his obsession with a religious pursuit that was little better than an escape .,उसका आत्मोत्सर्ग सचीश को न केवल उसके मोहजाल से बल्कि उस धार्मिक आश्रय के सम्मोहन से भी मुक्त करताहै- जिसे किसीपलायन से थोड़ा ही बेहतर कहा जा सकता है .
ted,"If you have democracy,","अगर लोकतंत्र है,"
tides,Goat 's milk is highly wholesome and nourishing .,बकरी का दूध अत्यन्त स्वास्थ्यप्रद और पौष्टिक होता है .
indic2012,history,इतिहास
tides,"If they want such a face , they have not come to me .",यदि उन्हें जंरी चेहरा चाहिए तो वो अभी तक तो मेरे पास नहीं आए हैं .
ted,"And you need a strong government to do that,","और इसके लिये आपको एक ताकतवर सरकार की ज़रूरत है,"
tides,"Normally once issues are conclusively settled at a parliamentary standing committee , it is not changed .",किसी स्थायी संसदीय समिति में एक मुद्दे पर कोई राय बन जाने के बाद आम तौर पर उसे बदल नहीं जाता .
tides,"Pack some supplies in the handbag or hand luggage , in case one gets separated from suitcase .",इन दवाइयों की कुछ मात्रा हाथ में ले जाये जाने वाले सामान में अलग से रखें ताकि सूटकेस साथ न होने पर भी कोई असुविधा न हो .
ted,"in that world, media is less and less often","उस दुनिया में, मीडिया कम से कम"
tides,"When Banita looked at the older woman , she could not help but remember with bitterness that dark day in July 1985 when Phanas-despairing of an extra mouth to feed in poverty-stricken Kalahandi-had sold her to the half-blind , penurious Bidyadhar for Rs 40 , just enough for her to buy 3 kg of rice and a sari .",उस बूढी औरत को देखते ही बनिता को जुलई 1985 का वह काल दिन तल्खी से याद हो आया जब गरीबी के मारे कालहांड़ी जिले में फनस ने घर की अतिरिक्त सदस्य का पेट भरने की घोर हताशा में उसे निपट दरिद्र व आधे दृष्टिहीन बिद्याधर के हाथों 40 रु.में बेच दिया था.यह राशि मात्र 3 किल चावल खरीदने भर को ही काफी थी .
ted,How they maintain them?,वे इसे कैसे बनाए रखते हैं?
indic2012,"State 33 district councils, 235 village panchayat Samithia and 9125 are Panchayte",राज्य में ३३ जिला परिषदें २३५ पंचायत समितियां और ९१२५ ग्राम पंचायतें हैं।
indic2012,"This Ishwar is called Allah (in Arabic) for Muslims, Khuda (in Parsi), for Christians (in English) God, and Jews (in Hebrew) Jehovah.",इसी ईश्वर को मुसल्मान (अरबी में) अल्लाह (फ़ारसी में) ख़ुदा ईसाई (अंग्रेज़ी में) गॉड और यहूदी (इब्रानी में) याह्वेह कहते हैं।
tides,"The divers The divers in our ponds , lakes and tanks include many diverse insects .","गोताखोर हमारे तालाबों , झीलों और टंकियों में विविध प्रकार के गोताखोर कीट पाए जाते हैं ."
tides,It is believed that quite a number of Jarawas are killed by the Bush police in the process .,ऐसा विश्वास किया जाता है कि इस प्रकार कुछ जरावा बुश पुलिस द्वारा अवश्य मारे जाते हैं .
tides,The Maharshi was enchanted and sat down for his evening meditation under a pair of chhatim trees .,महर्षि जैसे मोहित हो उठे और संध्या-वंदन के लिए धातिम वृक्ष के जोड़े के नीचे बैठ गए .
ted,to the enactment of PIPA and SOPA,पिपा और सोपा के कानून बनने से
tides,"DNA Damage and Repair Theory : We all use a cycle , or a motorbike or a car to commute from one place to another .","डी एन ए क्षति एवं प्रतिपूर्ति सिद्धांत : हम सब एक स्थान से दूसरे स्थान पर जाने के लिए साइकिल , मोटरसाइकल , कार , या अन्य वाहनों का प्रयोग करते हैं ."
indic2012,Musharraf could break up without a change of political leadership.,1. श्रीकृष्ण-साहित्य का मुख्य विषय कृष्ण की लीलाओं का गान करना है।
ted,"Most of the time,","अधिकांश समय,"
indic2012,"Dial-up connection, connection that connects one computer to another computer which has internet link, via modem , on the standard phone line is termed as dial-up connection.",डायल-अप कनेक्शन एक कम्प्यूटर से मोडेम द्वारा इंटरनेट से जुडे किसी अन्य कम्प्यूटर से स्टेण्डर्ड फोन लाइन पर कनेक्शन को डायल अप कनेक्शन कहते है।
ted,And we rely on others. We rely on proxies.,और हम दूसरों पे निर्भर रहते हैं | हम प्रतिनिधि पे भरोसा करते हैं |
indic2012,"Hindi ASR- Hindi (ASR) open source, It changes Hindi speechs into texts.",हिन्दी एऍसआर - हिन्दी (एऍसआर) मुक्तस्रोत यह हिन्दी के वाक् (स्पीच) को पहचानकर चैक्स्ट में बदलता है।
tides,"In many developed countries there is an internal system that ensures the brightest is not left behind-in Britain , for instance .","भत-से विकसित देशों , मसलन ब्रिटेन में आंतरिक व्यवस्था ही इस तरह की है कि प्रतिभाशाली व्यैक्त पीछे नहीं छूट सकता ."
tides,The answers to these questions are not too difficult to guess .,इन सवालों के जवाब का अनुमान लगाना कठिन नहीं है .
ted,to the policymakers.,नीति निर्माताओं तक.
indic2012,"In Europe while taking care of his health, Subhashbabu kept on persuing his task,",यूरोप में सुभाषबाबू ने अपनी सेहत का ख्याल रखते समय अपना कार्य जारी रखा।
tides,"The last , though by no means the least favourable factor for cultural unity is the fact that Hinduism constitutes for the great majority of the people a community of spiritual , moral and social ideas and institutions , which will become more pronounced when a common national language has pulled down the barriers of linguistic difference .","यद्यपि अंतिम , किंतु किसी भी तरह सांस्कृतिक एकता के लिए कम अनुकूल यह तथ्य है कि हिंदुत्व बहुत बड़ी संख़्या के लोगों के लिए एक आधयात्मिक , नैतिक एवं सामाजिक विचारों तथा प्रथाओं का एक समुदाया उत्पन्न करते है , जो और अधिक स्पष्ट तब हो जायेगा , जब समान राष्ट्र भाषा संबंधी बाधाओं को हटा देगी ."
indic2012,"Utuber, a general viewer of U tube",यू टूबर यू ट्यूब का एक सामान्य दर्शक
ted,"they look at each other, it's a knowing glance - “God, she's crazy!”","वे एक दूसरे की तरफ देखते हैं - एक अनुभवी निगाह से - “ हे भगवान, वो तो पागल हैं!”"
tides,The Mahabharata was translated by a board of Hindu and Muslim scholars of which Mullah Abdul Qadir was a member .,"महाभारत का अनुवाद मुसलमान और हिंदू विद्वानों के एक बोर्ड द्वारा किया गया , जिसके मुल्ला अब्दुल कदीर एक सदस्य थे ."
indic2012,There are many shortcomings in this Constitution.,बड़ी कमियां हैं इस संविधान में
tides,"Stephen Cohen , senior fellow at the Brookings Institution , says , “ Gore can be expected to be tougher on proliferation , and perhaps continue the punitive sanctions policy towards India and Pakistan . ”","ब्रुकिंग्स इंस्टीट्यूशन में वरिष् अध्येता स्टीफन कोहेन कहते हैं , ' ' गोर से परमाणु अप्रसार पर कड़ै रुख की उमीद की जा सकती है और शायद वे भारत तथा पाकिस्तान के खिलफ दंड़ात्मक प्रतिबंधों की नीति जारी रखें . ' '"
tides,To encourage self-reliance and self-care and to prevent psychological complications and ensure optimum quality of life .,5 . आत्मनिर्भरता तथा स्वयं देखभाल को प्रोत्साZहित करना तथा मनोवैज्ञानिक जटिलताओं को कम करना
indic2012,olden hindi literature and history,आधुनिक हिंदी साहित्य का इतिहास
indic2012,"(through Regional Committee of MQM, Peshawar)",(द्वारा एम क्यु एम प्रान्तीय कमिटी पेशावर)
ted,but not so close,लेकिन ज्यादा पास नहीं
ted,"What the Audio Home Recording Act of 1992 said was,","१९९२ का द ऑडियो होम रिकार्डिंग एक्ट ये कहता है कि,"
tides,"Those planning to undertake such work can consult their local authority before proceeding , and ask them to make their requirements known .",जो इस प्रकार का काम करने की सोच रहे हों उन्हें काम शुरू करने से पहले अपनी लोकल अथॉरिटी से बात करनी चाहिए और उस को अपनी आवश्यकताओं के बारे में जानकारी देनी चाहिए .
ted,Push it and it becomes house shaped.,"इसे थोडा धकेल दीजिये, और ये झोपडी जैसा हो गया।"
tides,"Within the frame-work of the caste system , the son followed in the footsteps of his father , as the design and station in life of each were believed to be pre-ordained .",क़्योंकि प्रचलित विश्वास के अनुसार यह पूर्वनिश्चित होता था कि प्रत्येक व्यक्ति का भविष्य में जीवन कैसा होगा और वह क़्या कार्य करेगा .
indic2012,"In the period of British rule, the gardens were transformed on the lines of gardens in London.",जब ब्रिटिश राज्य में इसका प्रबन्धन आया तो उन्होंने इसके बागों को लंडन के बगीचों की भांति बदल दिया।
tides,"The largest ground in the world is at Melbourne in Australia where they can accommodate 1,20,000 spectators .","दुनिया में सबसे बड़ा क्रिकेट ग्राउंड मेलबोर्न ( आस्ट्रेलिया ) में है जहां 1,20,000 दर्शकों के बैठने की व्यवव्था है ."
tides,The steps leading up to the frontal agra-mandapa are flanked by the large stone elephants .,अग्रमंडप को ले जाने वाले सोपान के अलग-बगल बड़े पाषाण गज हैं .
ted,So I run right upstairs.,तो मैं फौरन सीडियों से ऊपर भागा |
tides,Latterly there has been an intersting development in the speaches and statements of some of the Muslim communal leaders .,पिछले दिनों कुछ मुसलमान सांप्रदायिक नेताओं के व्याख़्यानों और वक़्तव्यों में एक मजेदार तब्दीली हुई है .
indic2012,Sewage treatment is done at Worli and Bandra and is expelled into the Kar sea.,सीवेज ट्रीटमेंट वर्ली और बांद्रा में कर सागर में निष्कासित किया जाता है।
ted,You could abuse it.,आप इसका दुरूपयोग कर सकते हैं |
indic2012,"Like Saraswathi Bharav, Shaurya and Ganesh Kunda etc.",जैसे सरस्वती भरव सौर्य और गणोश कुंड आदि।
indic2012,Ratnakar Jgaannadhdass texts of modern-day poets Gangawataran Kapil Muni Cursed by the sixty thousand sons of Sagar Liean Bhagirath's “”Bhagirath - penance“” is a story of being descended from the Ganges to the ground!,आधुनिक काल के कवियों में जगन्नाथदास रत्नाकर के ग्रंथ गंगावतरण में कपिल मुनि द्वारा शापित सगर के साठ हजार पुत्रों के उद्धार के लिए भगीरथ की भगीरथ-तपस्या से गंगा के भूमि पर अवतरित होने की कथा है।
tides,"As the cortege made its sad way from Varanasi to Mirzapur , the twelve had their pockets picked .",उनकी शवयात्रा वाराणसी से मिर्जापुर की ओर बढे रही थी कि भीड़े-भाड़े में मौके का फायदा उ आकर कुछ जेबकतरों ने 12 लगों की जेबें साफ कर दीं .
tides,"Moon in the fourth , eight and twelfth houses is considered inauspicious .","पर इनकी आठवां , बारहवां चंद्रमा अशुभ समझा जाता है ."
ted,"with sub-orbital capability, and I think very soon this.",और बहुत ही जल्द ये सुविधा भी.
indic2012,His ignorance got destroyed and He attained Nirvana or Bodhi at the age of 35 he became a Buddha.,उनकी अविजया नष्ट हो गई और उन्हे निर्वन यानि बोधि प्राप्त हुई और वे ३५ की उम्र तक बुद्ध बन गये।
indic2012,Mahamayanagar District [Hathras District],महामयानगर जिला (हाथरस जिला)
indic2012,on this day lord rama will Goes on lord Ravana,इसी दिन राम ने रावण पर विजय प्राप्त की थी।
tides,"The growing stock needs more of proteins for the repair of tissues , minerals for the building up of bones and vitamins for a healthy growth .","बढ़ रहे सूअर को तो अपने ऊतकों के लिए अधिक प्रोटीनों की , हड्डियां बनाने के लिए खनिजों की और स्वस्थ विकास के लिए विटामिनों की आवश्यकता होती है ."
indic2012,Channel description,चैनल प्रकार
tides,"Borodin accomplished the mission that was entrusted to him which , he knew , could not have been accomplished but for Roy 's assistance .",बोरोडिन ने जो काम उन्हें सौपा था वह पूरा किया और वे जानते थे कि वह काम राय की मदद के बिना पूरा नहीं हो सकता था .
indic2012,For.,के लिए.
tides,"We sympathise with that difficulty , but that sympathy cannot make us forget our own difficulties and disabilities .","इस मुश्किल में हम सहानुभूति प्रकट करते हैं , लेकिन इस सहानुभूति का यह मतलब नहीं कि हम अपनी मुश्किलों और कमजोरियों को भूल जायें ."
indic2012,"Aap(Sall.) reached preacher's group and said to them “”Do you believe that there's no other god except Allah, I'm Allah's messenger and Koran is Allah's book?",आप (सल्ल.) सहाबा के ‎उस गुट के पास पहुंचे और उन से कहा- क्या तुम मानते हो कि अल्लाह के ‎अतिरिक्त कोई अन्य माबूद (ईश) नहीं है मैं अल्लाह का रसूल हुँ और कुरान अल्लाह की पुस्तक है?
ted,they don't have pension; they don't have healthcare; none of those things.,"पेंशन नहीं है, हेल्थ, उन चीजों में से कोई भी नहीं है."
ted,"who have the ability to confront the complex problems,","जिन्के पास कठिन समस्याओं से जूझने की क्षमता है,"
ted,We have to be responsible,अपने जीवन की सीमाओं को
tides,"Therefore , you mostly find that even the so-called scientific theorems of the Hindus are in a state of utter confusion , devoid of any logical order , and in the last instance always mixed up with the silly notions of the crowd . ..",यही कारण है कि आपको हिन्दुओं में अधिकत : यह देखने को मिलेगा कि तथाकथित वैज्ञानिक प्रमेय ऐसी ही अस्तव्यस्त अवस्था में पड़े हैं ; न उनमें कोई तार्किक क्रम है और अंत तक पहुंचते-पहुंचते जनसमूह की हास्यास्पद धारणाओं के साथ गड्डमड्ड हो गए हैं . . ..
ted,and even their great-grandparents.,"और परदादा, परनाना से भी।"
tides,"The eastern branch of the Chalukyas , ruling from Vengi , though excavating into soft rocks , followed a different mode and design in their cave-temples , which took in what was prevalent in eastern Andhra and northern Tamil Nadu , or Tondaimandalam , with Pallava affinities , thus inaugurating what was to be a distinct Andhra tradition , as opposed to what the Badami Chalukyas did for Kannada tradition and culture .","वेंगी से शासन करने वाली चालुक़्यों की पूर्वी शाखा ने , नरम चट्टानों में उत्खनन करने के बावजूद , अपने गुफा मंदिरों में एक अलग पद्धति और डिजाइन का अनुसरण किया , जिसमें पल्लव संबद्धताओं सहित पूर्वी आंध्र और उत्तरी तमिलनाडु या तोंडैमण्डलम में जो कुछ प्रचलित था , कुछ प्रचलित था , शामिल किया गया , और इस प्रकार बादामी चालुक़्यों द्वारा कन्नड़ परंपरा और संस्क्Qति के लिए जो कुछ किया गया , उसके विपरीत उन्होंने एक स्पष्ट आंध्र पंरपरा का प्रारंभ किया ."
